Name,Email,Password
Jayden,j@email.com,password123
Sam,sam@email.com,sam123
Steve,steve@email.com,steve123
Ben,ben@email.com,pw123
Karl,karl@email.com,pw123
Ali,ali@email.com,pw123
James,james@email.com,pw123
Bob,bob@email.com,pw123
Mark,mark@email.com,pw123
Wade,wade@email.com,pw123
WadeD,wade@email.com,1234
WadeH,wade@email.com,pw
WadeB,wade2@email.com,pwgo
Ryan,ryan@email.com,pw123
Matt,matt@email.com,pw123
